SNP1,SNP2
chr_01:45320366,chr_19:35281163
chr_01:981476,chr_01:292130
chr_09:40211862,chr_20:34359248
chr_05:8324954,chr_08:8480231
chr_17:12450639,chr_01:50631036
chr_01:55687274,chr_09:42206695
chr_16:32026703,chr_03:43502969
chr_15:48543094,chr_05:8827849
chr_01:43265761,chr_18:956410
chr_20:25835370,chr_01:45320354
chr_10:14113197,chr_16:31161985
chr_09:43488824,chr_06:16163675
chr_07:37537349,chr_08:24450376
chr_01:1009209,chr_06:18887234
chr_01:45320353,chr_20:24781567
chr_10:10330228,chr_10:44178196
chr_06:47367378,chr_06:18790106
chr_09:40996759,chr_09:39729176
chr_17:38842884,chr_13:34484421
chr_19:26336047,chr_10:44059255
chr_19:48281853,chr_02:45404905
chr_09:42649773,chr_09:41444383
chr_15:48876392,chr_13:31019480
chr_17:5843121,chr_18:60335609
chr_06:49730975,chr_16:31884075
chr_05:36867047,chr_06:18877924
chr_01:43269434,chr_16:24196345
chr_20:26565980,chr_05:35849828
chr_02:45404928,chr_19:48245363
chr_13:29717315,chr_16:19105447
chr_17:37389676,chr_15:33719119
chr_01:50879680,chr_05:39836912
chr_18:55438340,chr_13:40591561
chr_15:46696264,chr_05:41788665
chr_01:45320361,chr_20:24563431
chr_09:40633806,chr_03:16198878
chr_16:26973185,chr_08:8480234
chr_01:776986,chr_09:42160993
chr_09:41962563,chr_13:25792554
chr_09:42165844,chr_08:24450350
chr_09:42206576,chr_07:3002001
chr_17:37389767,chr_08:45722534
chr_19:26336069,chr_10:44059192
chr_02:45403668,chr_06:21504803
chr_19:48261070,chr_08:8480396
chr_02:45305965,chr_12:339513
chr_18:3862227,chr_16:1839017
chr_11:37298466,chr_09:5190194
chr_10:38201611,chr_20:26565994
chr_12:953038,chr_02:47380879
chr_08:24450260,chr_01:43454385
chr_13:25956461,chr_08:24193615
chr_09:45481682,chr_14:5164997
chr_20:35179944,chr_01:42383465
chr_16:15649364,chr_09:41373743
chr_15:15113237,chr_09:46172866
chr_04:1208937,chr_10:38712372
chr_09:41368366,chr_08:9509755
chr_18:60335569,chr_18:54632442
chr_07:41664917,chr_20:35966513
chr_07:37781041,chr_08:24450285
chr_09:40527866,chr_09:2047490
chr_15:49688301,chr_09:42329774
chr_01:40806412,chr_20:45311261
chr_16:21728593,chr_18:13211795
chr_05:36993308,chr_17:3965440
chr_16:32022351,chr_13:34276191
chr_05:34618957,chr_19:37049307
chr_14:10077496,chr_14:47119868
chr_20:25051934,chr_15:46696368
chr_06:15240807,chr_01:13798692
chr_02:27489290,chr_03:15097940
chr_09:26011188,chr_17:5915057
chr_02:45259782,chr_03:2717161
chr_15:15040318,chr_18:16404044
chr_11:37298495,chr_13:31135256
chr_06:47315808,chr_19:16327767
chr_20:42889815,chr_18:2841640
chr_16:37058358,chr_06:47399552
chr_17:11873212,chr_02:45763473
chr_20:43585931,chr_13:32535765
chr_02:47471551,chr_10:29637542
chr_13:42159274,chr_07:2556924
chr_18:829961,chr_15:4689487
chr_16:32636615,chr_04:45580672
chr_15:6364686,chr_06:20406525
chr_09:42464620,chr_16:17070560
chr_17:17845177,chr_13:9691266
chr_14:10068908,chr_04:6891759
chr_09:42370367,chr_17:36956175
chr_01:43343240,chr_10:16760323
chr_09:8925934,chr_07:15382684
chr_19:732311,chr_08:45035138
chr_10:28593823,chr_18:59083159
chr_13:34833707,chr_08:9509803
chr_01:50800241,chr_03:45107141
