FID	IID	Ala	Arg	Asp	Glu	Gly	His	Ile	Leu	Lys	Phe	Pro	Ser	Thr	Tyr	Val
HP202	HP202	17.1	28.7	44.5	71.9	16.8	10.6	18.0	29.3	25.3	20.1	22.5	19.2	15.2	13.2	19.3
L62_880	L62_880	16.3	25.7	45.0	76.9	14.8	9.2	16.5	26.3	22.2	17.8	19.7	18.3	15.4	12.0	17.4
Baiqidawandou	Baiqidawandou	17.9	23.9	44.3	75.6	15.3	9.2	17.1	27.0	22.4	17.6	18.2	19.1	16.5	12.7	19.1
L66_721	L66_721	16.4	25.2	44.6	75.7	15.1	9.2	16.1	26.1	22.3	17.8	20.4	18.2	15.6	11.7	17.2
L73_67	L73_67	16.8	26.2	46.6	79.8	15.3	9.5	16.6	27.0	22.8	18.5	20.3	19.6	16.4	12.4	17.5
L64_4103	L64_4103	15.0	25.4	41.0	59.9	14.5	9.3	14.8	24.3	22.6	17.4	22.1	16.9	14.9	11.1	15.9
L67_1695	L67_1695	16.0	25.9	42.6	63.4	15.0	9.4	15.8	26.4	22.8	17.8	23.6	17.1	14.8	11.7	17.0
L67_949	L67_949	15.4	25.7	42.3	61.8	14.6	9.3	16.2	25.9	22.6	17.8	21.2	17.1	14.8	12.1	16.5
L62_906	L62_906	17.7	29.5	46.4	71.4	16.3	10.3	18.4	29.5	24.2	19.6	25.1	19.1	16.0	13.3	19.8
L70_6494	L70_6494	16.3	25.6	44.2	63.9	15.1	9.6	15.6	25.2	23.0	17.9	23.9	18.1	15.5	11.7	16.7
L62_956	L62_956	15.7	24.9	42.4	62.8	14.7	9.3	15.0	23.4	22.5	17.4	21.0	17.3	14.9	11.4	16.2
Kaohsiung_1	Kaohsiung_1	15.5	23.8	40.5	58.6	15.4	9.5	16.7	27.1	23.3	17.2	19.2	16.5	15.5	11.7	14.1
Jindou_15	Jindou_15	17.3	33.2	50.4	74.8	16.5	10.8	16.8	27.2	24.8	19.7	25.1	19.9	16.5	12.4	17.8
Newton	Newton	15.1	23.6	39.2	57.7	14.0	8.9	14.7	22.8	21.4	16.7	22.2	15.9	13.5	10.9	15.9
Huangdou_2	Huangdou_2	18.1	23.4	46.8	74.6	21.1	9.6	5.1	19.9	19.9	14.7	20.4	18.0	10.0	10.4	8.8
Jidou_7	Jidou_7	19.2	25.4	50.9	82.9	22.5	10.4	6.0	21.3	25.5	15.8	25.7	20.8	11.1	11.5	11.4
Zhongdou_36	Zhongdou_36	18.0	35.0	50.1	76.9	17.8	11.8	19.1	31.6	26.7	21.6	25.1	21.2	16.2	14.0	20.1
L73_54	L73_54	22.7	27.9	57.9	90.1	23.4	10.9	8.6	27.9	22.9	18.3	23.5	24.6	13.8	14.1	13.8
Banyesheng	Banyesheng	20.1	26.9	55.4	87.0	23.2	10.2	5.9	22.0	22.0	15.5	24.0	24.3	13.1	10.5	10.2
Xudou_10	Xudou_10	21.2	30.2	57.3	86.8	22.8	10.5	6.2	23.7	22.6	18.6	26.6	24.7	13.6	12.2	10.7
Ludou_4	Ludou_4	21.6	27.8	58.8	89.7	22.9	11.0	7.1	24.8	24.1	18.2	25.8	25.3	14.5	12.6	11.0
L77_1727	L77_1727	21.0	27.5	56.4	87.5	21.8	10.4	6.8	23.0	23.9	17.8	25.8	24.9	14.2	12.6	10.2
Zaoshu_6_hao	Zaoshu_6_hao	19.9	25.7	52.5	74.8	22.5	9.7	6.9	23.7	19.9	15.4	20.2	21.8	11.2	10.5	14.2
L72_1078	L72_1078	17.9	22.6	50.1	69.7	20.4	9.7	4.8	18.5	19.5	14.4	18.4	20.7	10.7	9.9	8.7
Zhonghuang_13	Zhonghuang_13	17.1	31.5	44.8	71.5	16.7	10.8	18.3	29.8	25.0	20.4	23.7	19.2	15.3	13.2	19.6
Zhonghuang_4	Zhonghuang_4	20.8	35.6	59.4	86.3	23.5	11.3	7.2	23.2	22.1	17.2	22.9	24.4	13.1	10.0	13.0
Zhonghuang_10	Zhonghuang_10	23.6	31.4	65.5	92.9	26.8	12.0	8.1	27.6	26.3	19.1	23.8	26.6	14.0	13.2	15.0
Dadunxiaoheidou	Dadunxiaoheidou	19.2	27.2	55.6	81.2	22.8	10.4	5.3	20.5	21.1	16.2	21.9	23.7	13.1	11.5	9.1
Jihuang13	Jihuang13	18.9	26.5	53.7	74.6	21.1	9.7	5.8	20.5	21.4	15.5	22.2	22.8	13.2	11.3	8.7
Zhongzuo_00_484	Zhongzuo_00_484	19.3	26.7	56.4	83.0	22.4	10.3	5.7	21.3	21.6	16.4	22.7	24.2	13.0	11.1	9.6
Zhongzuo_97_1121	Zhongzuo_97_1121	19.2	28.9	57.5	80.7	23.9	11.3	5.6	19.5	21.1	14.8	23.1	21.9	11.8	9.3	13.0
Jindou_13	Jindou_13	18.4	26.1	55.3	73.1	23.4	11.0	4.9	18.1	20.7	15.0	20.3	20.2	11.7	10.9	12.3
Zhongzuo_983	Zhongzuo_983	21.2	44.0	57.8	80.1	25.6	12.7	4.9	19.9	23.3	17.2	23.5	21.3	10.9	11.6	11.6
Xiaohuangdou3	Xiaohuangdou3	20.7	26.7	54.5	74.1	25.1	11.1	5.0	19.4	22.0	15.6	22.9	20.5	10.7	11.5	10.1
8588	8588	22.3	29.7	66.0	85.2	28.3	12.3	5.1	21.1	23.8	17.5	25.5	23.6	13.6	12.4	10.9
L68_582	L68_582	19.3	24.4	52.8	70.7	23.0	10.1	4.4	17.8	20.4	14.5	24.4	18.5	10.2	9.5	9.4
Shengli_3	Shengli_3	22.2	34.2	63.7	85.3	25.9	11.6	6.9	23.1	23.2	16.8	25.1	24.7	14.0	11.3	14.2
Zhongzuo_00_683	Zhongzuo_00_683	20.3	25.7	57.4	76.8	23.4	10.4	5.2	19.5	22.2	15.6	21.5	22.3	12.4	11.5	9.7
Zhonghuang_27	Zhonghuang_27	20.4	29.5	53.1	70.3	25.6	10.8	7.0	22.9	19.8	15.6	20.9	19.6	9.5	10.9	14.7
Jian_31	Jian_31	18.5	34.1	48.4	78.6	18.3	11.5	19.7	32.3	27.2	22.4	27.7	21.6	16.5	14.2	20.7
L69_4267	L69_4267	20.4	24.5	57.3	73.7	24.8	10.8	5.1	20.0	21.8	16.6	23.3	19.5	10.9	11.8	10.5
Jidou12	Jidou12	21.2	31.6	59.4	81.9	26.5	10.8	6.0	20.9	20.8	17.3	21.6	22.5	11.6	10.6	14.5
Qingkeyuandou	Qingkeyuandou	20.6	32.6	64.5	85.0	25.9	10.9	6.0	21.8	22.6	17.5	25.3	23.3	13.2	11.6	13.2
Amcor_89	Amcor_89	19.5	24.4	53.3	71.9	22.3	10.1	6.8	22.7	20.4	15.7	18.6	21.5	11.2	11.1	12.7
Zhongzuo_96_954	Zhongzuo_96_954	19.3	24.3	50.5	68.0	22.7	9.8	6.7	21.0	18.7	13.6	19.5	20.9	10.7	9.6	12.7
Maoyandou2	Maoyandou2	19.0	23.8	54.5	69.4	22.5	10.4	5.8	20.4	20.3	15.3	20.2	22.4	12.2	11.1	10.4
Kenwood	Kenwood	17.0	21.4	48.3	65.0	18.0	8.8	5.7	20.8	19.5	13.9	19.9	19.5	12.4	9.9	8.0
Zhongdou_27	Zhongdou_27	18.8	26.2	52.5	73.2	19.7	9.9	5.7	21.4	20.2	16.1	20.0	21.1	12.8	10.7	9.3
Tuyandou	Tuyandou	19.6	31.0	55.6	78.5	19.9	10.4	6.8	24.8	22.1	17.0	23.5	23.2	14.0	12.0	9.5
L84_307	L84_307	17.6	23.0	48.4	66.3	17.7	9.0	5.9	20.5	20.1	15.0	20.4	20.6	12.4	10.5	8.4
L81_4590	L81_4590	20.0	27.1	54.6	77.4	19.9	10.1	6.7	23.9	22.2	17.1	23.2	22.6	14.0	12.7	9.8
Sprite_87	Sprite_87	18.4	23.5	50.9	69.5	18.8	9.0	6.0	21.4	20.0	15.6	20.3	21.0	13.0	11.4	8.6
L78_3083	L78_3083	19.5	28.1	56.2	78.1	20.1	10.1	6.5	22.6	21.8	16.6	22.6	24.2	14.1	12.3	10.0
Zhongdou_28	Zhongdou_28	19.2	24.9	51.5	75.1	18.8	9.8	6.8	23.8	23.6	16.2	22.5	23.2	13.8	12.3	9.3
Lvcaodou	Lvcaodou	19.8	32.1	58.1	82.4	20.9	10.5	7.2	24.7	22.4	18.1	24.9	24.0	15.0	12.4	9.6
L82_1858	L82_1858	16.3	27.2	42.1	68.0	15.9	10.1	17.2	28.5	23.9	19.3	23.0	18.6	14.8	13.0	18.5
GR8836	GR8836	17.4	24.3	52.4	76.1	18.2	9.2	6.2	21.6	20.0	15.5	22.4	21.4	13.2	11.4	8.5
L74_01	L74_01	18.9	26.1	56.3	83.1	19.4	9.6	6.7	23.1	21.2	16.8	24.7	23.2	13.9	12.3	9.2
L74_221	L74_221	18.3	24.9	54.9	80.7	18.7	9.6	7.1	23.5	24.4	16.7	21.7	22.9	14.2	12.7	9.3
Ludou_11	Ludou_11	17.5	23.1	47.4	64.8	18.2	8.9	5.6	19.8	19.3	14.9	17.5	19.1	11.8	10.7	8.2
Fayette	Fayette	16.4	26.7	41.8	66.0	16.0	10.3	17.4	28.4	23.7	19.3	22.4	18.6	14.9	12.9	18.5
Gnome	Gnome	19.2	26.2	53.6	73.6	19.9	10.0	6.8	23.1	22.3	16.9	25.1	21.3	13.0	12.4	9.7
Lv_75	Lv_75	18.0	30.6	46.7	71.6	17.5	11.0	18.4	30.2	26.0	20.5	23.3	18.9	17.2	13.1	16.9
Zhongpindaheidou	Zhongpindaheidou	19.6	26.6	54.7	77.6	20.1	10.3	6.8	23.0	22.4	17.2	20.1	22.1	14.3	12.6	9.6
Maoyandou	Maoyandou	20.4	31.1	58.1	83.3	20.5	10.7	7.6	26.2	23.3	18.4	23.7	24.6	15.2	12.7	10.0
Zhengzhou_135	Zhengzhou_135	21.5	31.7	61.4	89.1	21.5	11.2	7.4	25.5	27.7	19.2	25.1	25.8	16.0	13.5	10.7
Elf	Elf	20.5	28.2	58.5	83.3	20.7	10.4	6.9	24.7	23.6	18.0	24.4	24.8	15.1	12.7	9.5
Hobbit87	Hobbit87	16.6	25.7	41.2	61.8	16.0	9.8	16.7	27.6	23.6	18.3	23.0	17.0	15.5	12.0	15.2
Sijiaoqi	Sijiaoqi	20.6	31.6	57.4	81.3	20.8	10.8	7.0	24.3	23.3	17.9	22.2	24.5	15.7	13.3	9.9
Erliheidou	Erliheidou	17.0	28.0	54.3	76.5	18.9	9.4	5.2	21.5	19.1	15.4	22.7	20.8	12.0	9.9	8.3
IL2	IL2	17.3	24.8	51.4	77.2	19.3	9.2	5.6	22.8	19.5	14.8	19.6	21.3	12.5	10.5	7.8
Dunbar	Dunbar	15.9	22.3	47.5	71.2	17.1	8.5	5.7	21.5	18.9	14.2	17.9	19.9	12.0	10.1	7.5
Yanhuang_3	Yanhuang_3	18.7	29.1	58.3	88.3	19.9	10.4	6.8	26.1	21.9	17.7	21.7	24.6	14.4	12.4	9.1
Peking	Peking	17.1	26.1	42.5	64.3	16.4	9.9	17.2	28.1	24.1	18.9	22.2	17.6	16.0	12.2	15.4
Kunitz	Kunitz	17.8	24.2	51.5	80.8	18.8	9.5	6.1	24.3	22.6	15.5	22.0	22.0	13.4	11.5	8.4
Luning_1	Luning_1	18.6	26.5	55.6	84.0	20.0	9.8	5.9	23.8	21.4	16.6	20.5	23.4	14.0	12.2	8.7
Chadou	Chadou	18.1	27.7	54.9	82.5	19.5	9.9	6.3	25.1	20.8	16.7	20.4	23.1	14.3	12.1	8.7
Wandou_15	Wandou_15	20.2	34.9	52.4	80.8	17.9	11.4	19.2	27.8	27.3	22.5	29.3	20.8	18.1	14.3	21.6
He_84_5	He_84_5	19.3	28.3	53.1	74.8	19.8	10.0	6.4	24.1	20.5	16.8	27.6	21.5	13.3	11.1	9.3
Yudou_25	Yudou_25	21.3	38.9	62.0	84.0	21.2	11.1	7.3	26.4	22.9	19.8	30.4	24.5	15.0	13.3	10.3
Nanguanxiaopiqing	Nanguanxiaopiqing	24.8	32.7	61.7	88.9	22.9	11.6	9.4	30.0	23.7	20.3	31.9	25.6	15.9	14.3	15.2
Lu_93748_1	Lu_93748_1	22.7	31.5	63.7	91.0	22.3	11.4	7.9	27.7	25.8	19.7	37.1	26.9	16.4	13.4	10.9
Dabaipi	Dabaipi	22.6	38.2	62.2	89.1	21.8	11.4	7.4	26.7	23.9	20.2	33.5	25.4	15.8	13.5	10.6
Sijiaoqihuangdou	Sijiaoqihuangdou	20.6	27.7	55.6	77.4	20.3	10.4	6.7	23.9	22.2	17.5	26.3	22.7	14.3	12.6	10.0
Jidou_12_2_3	Jidou_12_2_3	19.8	30.7	51.6	76.8	18.0	9.2	8.1	24.9	20.7	17.4	30.8	21.4	13.2	11.7	12.3
Pingdinghei	Pingdinghei	19.8	25.5	55.2	73.1	20.6	10.1	6.2	23.4	21.0	17.0	22.6	22.7	13.1	11.8	9.2
Zhonghuang_18	Zhonghuang_18	19.8	27.0	56.4	78.2	21.0	10.3	6.0	23.7	25.3	17.0	24.7	23.2	13.0	12.5	9.6
Xiaoyuanhuangdou	Xiaoyuanhuangdou	20.2	26.4	57.3	76.8	20.2	10.3	6.9	25.3	22.4	17.6	26.1	22.7	13.6	13.1	9.6
Bendidahuangdou	Bendidahuangdou	21.6	37.8	66.6	85.6	21.4	11.2	7.3	26.8	23.7	20.2	28.0	25.0	14.9	13.5	10.3
Lu_99_1	Lu_99_1	15.3	24.8	38.7	62.4	14.7	9.2	15.8	25.9	22.4	17.3	20.4	17.0	13.6	11.6	16.9
Yangtianxiaohuangdou	Yangtianxiaohuangdou	20.3	31.6	59.9	81.4	20.2	10.2	6.8	25.6	22.6	18.3	24.8	24.2	13.8	12.9	9.7
SS74185	SS74185	17.8	27.8	44.2	65.3	17.1	10.5	18.0	30.1	25.0	19.8	21.0	18.2	16.4	12.5	16.4
95_5117	95_5117	19.1	25.7	54.9	75.8	19.1	9.8	6.6	24.5	21.8	17.1	23.1	23.5	13.7	12.7	9.2
Zhonghuang_28	Zhonghuang_28	20.0	28.8	57.8	83.2	20.2	10.5	7.2	25.0	24.0	18.1	29.9	25.4	15.3	13.4	10.0
Jidou_12_3l	Jidou_12_3l	19.8	30.6	47.8	73.4	17.2	10.5	18.2	26.0	26.5	21.4	26.7	19.3	16.9	12.7	20.5
Qihuang_30	Qihuang_30	19.1	30.0	48.2	75.5	16.9	10.4	18.0	25.7	25.7	21.0	28.1	19.8	16.9	13.4	19.8
Zheng_92116	Zheng_92116	19.4	37.1	51.1	75.0	17.0	11.1	18.2	26.6	25.9	21.6	28.2	20.0	17.2	13.1	20.1
Maodou	Maodou	19.5	32.0	48.7	74.9	17.2	11.0	17.9	25.8	25.6	20.7	27.2	19.9	17.2	13.5	20.5
Er_hej_jan	Er_hej_jan	18.5	30.2	52.7	78.0	16.7	10.7	18.5	29.9	25.1	21.0	24.2	21.0	17.6	13.7	19.9
Jindou_31	Jindou_31	18.2	28.7	51.1	74.9	15.8	10.5	16.9	26.5	24.5	19.4	24.2	20.4	17.5	13.0	18.4
Handou_5	Handou_5	18.4	31.4	53.5	78.1	16.4	10.8	18.0	28.1	25.2	20.5	22.7	20.8	17.9	13.4	19.4
Kexin_3	Kexin_3	18.7	31.5	53.4	79.3	16.9	10.9	18.3	27.6	25.7	20.6	23.3	20.8	17.9	13.1	19.4
Zaofeng_1	Zaofeng_1	18.8	29.8	52.3	77.6	16.4	10.6	17.6	27.2	25.4	20.3	21.4	21.3	18.1	13.3	18.5
Dahuangdou	Dahuangdou	18.0	31.3	50.7	74.1	16.0	10.5	16.9	26.3	24.5	19.5	21.4	20.4	17.4	12.8	18.3
Puhai_10	Puhai_10	18.9	31.1	52.9	76.6	16.4	10.5	17.8	27.2	25.5	21.3	21.7	20.5	18.1	13.4	18.8
Zhongye_2	Zhongye_2	19.0	34.2	51.8	78.0	16.8	10.9	17.5	26.7	25.5	20.6	22.3	20.0	16.7	13.2	19.1
Zhonghuang_22	Zhonghuang_22	17.6	31.7	49.3	74.3	17.0	10.7	17.2	26.3	25.3	20.8	25.9	20.1	17.3	12.9	18.7
Kexin_4	Kexin_4	18.8	34.3	50.6	76.2	16.8	10.8	18.3	28.6	24.9	20.8	26.3	19.6	16.9	13.5	20.0
Qihuang_1	Qihuang_1	15.6	29.8	45.3	70.4	15.0	10.0	16.0	25.2	23.1	19.3	22.1	19.1	15.8	12.0	16.5
Tianedan2	Tianedan2	17.6	26.8	43.7	69.3	15.5	9.8	16.6	26.1	23.3	18.6	21.5	17.9	14.9	12.2	17.6
Delsoy_4210	Delsoy_4210	15.6	26.6	40.7	66.2	15.3	9.9	16.7	27.5	23.4	18.3	20.3	18.0	14.1	12.4	17.5
MN413	MN413	17.8	29.1	45.3	70.8	15.6	10.1	16.3	25.4	23.6	18.8	24.1	19.0	16.1	12.3	17.6
Fendou_31	Fendou_31	17.8	26.4	43.5	69.3	15.2	9.7	17.5	27.7	22.8	18.7	23.3	18.4	15.3	12.7	18.9
7651_1	7651_1	17.4	25.9	43.0	69.4	15.0	9.7	15.7	25.8	22.8	17.8	22.0	19.2	15.9	12.7	17.0
L86_1436	L86_1436	17.6	27.5	45.7	73.0	15.6	10.0	16.7	26.5	23.8	19.0	23.5	19.2	16.2	12.7	17.5
Tiejiaohuang	Tiejiaohuang	18.4	31.7	48.8	78.1	16.4	10.8	17.2	26.6	24.8	20.8	24.1	20.6	17.1	13.2	18.7
Lu_99_7	Lu_99_7	16.5	25.5	42.6	67.9	14.7	9.3	15.4	23.7	22.4	17.7	20.2	18.3	15.4	11.6	16.7
L81_4871	L81_4871	17.6	27.7	45.5	72.6	15.5	10.2	16.4	26.5	23.7	18.8	22.0	19.7	16.3	12.9	17.6
Clark	Clark	17.1	26.9	45.0	70.6	15.1	9.9	16.4	26.0	23.4	18.6	23.2	19.1	15.8	12.5	17.8
Chichenglvhuangdou	Chichenglvhuangdou	18.2	31.7	48.9	79.4	16.5	10.9	17.5	28.0	25.1	20.3	25.9	20.5	16.5	13.9	18.9
Mustang	Mustang	17.3	30.4	49.3	72.8	16.0	10.7	17.2	27.2	24.9	20.2	24.6	19.3	16.3	13.7	18.2
Union	Union	18.6	30.6	49.6	74.3	16.3	10.8	17.7	28.6	25.1	20.3	24.4	20.2	16.8	13.8	18.2
Kefeng_6	Kefeng_6	17.8	29.0	45.2	68.2	17.4	10.3	18.3	30.4	25.3	20.3	23.0	18.4	16.6	12.8	16.4
Xinyangyangyandou	Xinyangyangyandou	18.6	34.8	49.2	72.5	15.7	10.5	17.1	27.8	24.0	20.2	24.9	19.7	16.1	13.5	18.3
Wenfeng_7	Wenfeng_7	17.2	26.9	43.2	65.2	16.3	9.8	17.2	28.9	24.4	19.0	23.6	17.7	15.9	12.7	15.9
Zhongpin_95_5383	Zhongpin_95_5383	16.8	27.7	47.7	75.1	16.0	10.2	9.0	22.3	23.9	18.9	27.3	19.6	17.0	11.7	16.7
Zhonghuang_16	Zhonghuang_16	16.9	29.2	49.3	80.7	16.1	10.5	9.4	24.0	24.4	19.6	28.0	20.9	17.2	12.5	17.0
Qihuang_13	Qihuang_13	16.2	28.3	47.4	73.0	15.8	10.1	9.2	22.0	23.7	19.6	25.1	19.6	16.7	11.4	17.2
Gaozuoxuan_1	Gaozuoxuan_1	15.3	25.6	42.3	65.2	14.6	9.4	8.3	21.0	22.1	16.8	23.4	17.4	15.2	10.7	15.3
Daheidou	Daheidou	18.1	29.9	50.6	78.6	16.5	10.8	9.5	24.1	25.1	19.5	27.5	20.7	17.2	11.9	17.1
Cansidou	Cansidou	17.0	29.2	49.2	74.6	15.4	9.9	9.7	25.2	24.3	19.9	25.9	20.2	16.5	12.4	16.4
L77_1794	L77_1794	16.1	28.0	46.0	62.0	15.1	10.1	16.2	24.6	24.1	18.2	28.9	18.5	16.3	12.4	15.1
Zheng_97210_6	Zheng_97210_6	17.3	33.1	48.7	66.4	15.9	10.7	18.2	28.8	25.2	20.6	29.5	19.2	16.9	13.5	17.1
Youbian_30	Youbian_30	16.3	32.3	47.1	62.7	15.6	10.1	16.0	24.6	24.0	19.0	28.2	18.2	16.1	12.1	15.2
Han_195	Han_195	16.6	31.1	43.5	70.0	16.2	10.4	17.9	29.3	24.1	20.6	22.5	18.6	14.5	12.8	19.2
Zaoshuheidou	Zaoshuheidou	17.9	29.3	49.5	64.8	16.6	10.6	17.8	25.9	25.2	20.7	29.2	19.1	17.7	12.8	16.0
Ina	Ina	17.3	27.5	47.4	61.8	16.0	10.7	16.9	25.6	24.8	19.4	24.0	18.8	17.0	12.7	16.0
Wandou_21	Wandou_21	17.0	30.5	47.3	64.0	15.6	10.1	17.1	25.4	24.5	20.4	25.1	18.5	16.7	12.1	15.7
L88_8226	L88_8226	17.0	28.7	47.5	64.7	15.8	10.2	16.9	26.7	24.4	19.9	27.4	18.9	16.8	12.4	15.9
Lvrouheipidou	Lvrouheipidou	18.2	39.9	51.5	69.1	16.7	11.1	17.3	26.7	26.5	20.7	27.0	20.4	17.9	12.9	16.4
Ooyachi_2	Ooyachi_2	17.4	30.2	48.9	67.0	16.3	10.6	17.6	27.5	25.3	20.7	27.4	19.7	17.5	12.8	16.2
Xiataizimoshidou	Xiataizimoshidou	17.3	32.4	48.8	65.8	16.5	11.0	16.7	26.3	25.2	20.4	27.8	18.8	16.9	12.5	16.1
Pixiansilicao	Pixiansilicao	16.6	29.3	42.9	64.9	14.8	9.7	16.1	25.3	22.1	17.8	24.3	16.7	15.1	11.3	16.4
Williams_82	Williams_82	17.6	25.8	44.0	67.7	15.2	9.8	16.8	25.9	23.4	18.3	26.3	17.9	15.9	12.0	16.8
Jiguan52	Jiguan52	17.0	27.2	43.8	67.0	15.2	9.6	16.3	25.1	22.5	18.5	24.4	17.4	15.5	11.3	16.5
Zhongdou_34	Zhongdou_34	17.5	27.3	44.8	67.2	15.4	9.7	16.9	26.8	23.6	18.5	22.6	18.1	16.2	12.3	16.4
Zhonghuang_15	Zhonghuang_15	17.7	27.9	45.2	71.1	15.6	9.8	16.8	26.4	23.3	19.0	27.9	18.1	15.8	12.3	16.8
Xinbada_2	Xinbada_2	17.3	25.5	43.9	66.6	15.2	9.6	16.8	26.1	23.1	17.7	23.6	17.7	15.6	12.2	16.1
Jiwuxing_1	Jiwuxing_1	18.6	29.8	45.9	70.8	15.6	10.3	17.5	27.6	23.4	19.0	25.2	18.6	16.0	12.5	18.0
Shuyangchunheidoubing	Shuyangchunheidoubing	19.0	30.9	46.7	70.3	16.4	10.6	17.6	27.2	24.3	19.8	25.9	19.1	16.7	12.5	17.1
L78_379	L78_379	17.4	26.6	45.0	68.8	15.2	9.9	16.3	26.0	23.4	18.3	24.6	18.6	15.9	12.4	15.6
Zheng_02060_0_7_2	Zheng_02060_0_7_2	18.7	29.0	45.8	70.0	15.7	9.7	17.3	26.9	23.7	19.9	26.2	18.8	16.3	12.2	16.4
Yudou_18	Yudou_18	17.9	30.1	43.6	64.1	14.8	9.4	15.6	24.9	22.1	17.7	23.2	17.2	15.2	11.2	16.0
L88_8431	L88_8431	17.4	25.0	42.8	64.7	15.0	9.5	16.1	24.6	22.6	17.4	21.8	17.4	15.4	11.8	16.3
Chaleston	Chaleston	17.7	25.1	43.9	67.3	15.4	9.5	16.2	25.3	23.1	17.5	22.9	18.0	15.6	11.5	16.6
Franklin	Franklin	16.6	24.5	42.5	63.4	14.4	9.3	16.1	25.9	22.0	17.2	21.5	17.3	15.0	12.0	15.4
L85_2378	L85_2378	17.8	25.7	42.6	66.1	14.7	9.6	16.6	25.9	22.4	18.2	24.7	17.3	15.3	11.9	16.4
Pixie	Pixie	16.3	26.8	40.9	66.2	15.7	10.0	17.9	30.1	23.8	18.6	21.2	17.9	14.2	12.7	19.2
L82_2020	L82_2020	17.1	25.1	43.2	62.8	15.2	9.3	16.0	25.8	22.6	17.7	24.5	17.3	15.6	12.5	14.4
Miyunlaoyelian	Miyunlaoyelian	17.1	26.9	46.0	67.0	16.2	9.9	15.6	25.1	23.6	18.1	24.6	18.5	16.4	12.2	14.8
L77_1863	L77_1863	18.1	28.0	47.6	69.5	16.3	9.9	16.4	26.5	23.9	19.0	26.6	19.0	16.7	12.7	15.2
Longjiangdali_Su	Longjiangdali_Su	20.0	32.2	51.5	75.7	18.2	11.0	18.0	28.1	26.2	20.9	28.6	20.3	18.1	13.7	16.9
Zhongpin_661	Zhongpin_661	16.9	25.1	43.8	62.9	15.1	9.4	15.4	25.3	22.8	17.8	27.1	17.6	15.5	12.4	13.9
L87_0482	L87_0482	17.5	27.7	46.5	67.9	15.8	10.0	15.9	25.6	23.8	18.8	28.3	19.0	16.5	12.7	14.8
L77_5632	L77_5632	17.0	29.6	48.8	71.7	16.8	10.3	16.7	27.5	24.8	19.9	28.5	20.1	17.5	13.3	15.8
L83_4744	L83_4744	15.6	25.1	43.0	62.4	15.6	9.3	15.8	24.7	22.3	17.4	25.5	18.1	15.4	12.0	15.6
Gnome_85	Gnome_85	17.0	25.8	44.0	66.8	16.3	9.7	16.7	28.1	23.7	18.0	26.7	17.8	16.4	13.0	13.4
Kim	Kim	17.8	27.1	43.1	66.3	16.2	10.0	16.8	28.3	23.0	17.5	26.7	17.5	15.7	12.8	13.7
Nile	Nile	17.7	26.3	44.5	68.0	16.1	9.9	17.3	30.1	23.6	18.7	24.3	17.9	16.3	13.4	14.5
L88_8739	L88_8739	18.6	28.4	47.1	72.9	17.1	10.3	17.7	31.2	24.4	19.8	24.6	19.0	16.9	13.5	14.7
Xiaoqingdou	Xiaoqingdou	19.0	31.2	48.2	73.5	17.4	10.7	17.8	30.8	24.7	19.9	29.0	18.9	16.9	13.9	15.0
Zhongpin_662	Zhongpin_662	19.1	29.9	49.9	77.7	17.5	10.4	18.1	31.3	24.9	20.9	29.0	19.9	17.2	13.6	15.6
PI_547893	PI_547893	18.7	30.1	49.2	76.3	17.2	10.6	18.4	31.7	24.9	20.6	26.8	19.9	17.4	14.1	14.8
PI_547872	PI_547872	17.5	25.8	45.7	68.8	16.3	9.8	16.8	30.1	23.5	18.5	24.4	19.0	16.7	13.3	14.1
Xinliuqing	Xinliuqing	20.3	37.2	54.3	81.1	18.6	11.1	20.7	36.3	26.8	23.4	28.9	21.6	18.9	15.7	18.1
Siliyuan	Siliyuan	17.0	34.6	50.1	73.3	17.1	10.8	16.9	29.3	24.4	19.8	26.3	19.4	17.3	12.9	15.4
Amsoy	Amsoy	15.4	24.2	39.6	61.7	15.0	9.3	16.0	26.4	22.3	17.8	20.0	16.8	14.7	11.4	15.7
Heidou	Heidou	17.5	28.3	48.2	72.4	17.5	10.3	18.0	30.8	24.7	20.3	26.9	19.5	17.5	13.3	15.7
Boaihongpizaojiao	Boaihongpizaojiao	17.6	34.5	51.0	76.0	18.0	11.3	18.4	32.1	25.2	21.1	25.2	20.3	18.0	14.2	16.4
Spry	Spry	17.5	29.2	47.8	73.4	16.8	10.4	17.8	30.4	24.7	19.6	28.0	19.6	17.0	13.2	15.7
PI_547838	PI_547838	18.3	29.5	47.8	74.5	17.1	10.2	18.8	32.1	24.2	20.1	25.1	19.5	16.6	14.1	16.5
PI_547850	PI_547850	18.7	29.4	49.7	76.5	17.8	10.6	19.5	33.6	25.7	21.0	28.6	20.2	17.7	14.7	17.7
Zheng_9525	Zheng_9525	17.7	29.1	43.6	64.7	16.4	10.0	17.8	29.7	24.6	20.8	21.8	17.7	16.3	12.5	15.8
Pingdinghuangdou	Pingdinghuangdou	18.6	32.2	47.0	69.8	17.6	11.4	18.0	30.6	25.4	21.2	23.9	19.5	17.4	13.4	17.1
PI_547888	PI_547888	15.2	27.7	44.1	69.9	15.5	10.1	15.6	25.0	23.9	18.3	26.2	18.0	16.8	12.4	14.2
Jindou_21	Jindou_21	16.4	26.7	42.6	69.5	16.0	10.1	15.3	24.6	23.3	17.8	24.3	17.7	16.8	12.2	14.3
KD01	KD01	17.4	36.6	50.3	78.7	16.5	10.6	15.4	23.9	24.7	19.2	27.6	19.9	17.8	12.4	14.2
Baipihuangdou	Baipihuangdou	15.6	28.4	44.2	70.9	15.9	10.1	14.6	23.4	23.5	18.0	29.4	18.5	16.7	12.1	12.9
PI54703	PI54703	18.0	30.7	48.5	78.5	17.1	10.8	17.2	27.7	25.3	20.2	26.9	19.9	18.1	13.9	15.7
Diliuhuangdou_2	Diliuhuangdou_2	16.8	30.8	47.6	75.3	17.2	10.7	15.7	24.5	24.4	19.0	26.3	19.4	17.9	12.4	13.5
Kefeng_53	Kefeng_53	17.7	33.5	48.4	76.1	16.2	10.2	15.6	24.9	24.2	19.4	27.1	19.5	17.3	12.9	13.5
Delsoy	Delsoy	17.4	25.0	42.5	65.4	15.4	9.8	15.7	24.8	23.3	18.1	25.2	17.9	16.4	13.0	13.8
Wandou_16	Wandou_16	17.8	33.6	45.2	71.0	15.9	10.3	15.9	25.0	23.4	18.9	24.8	18.1	16.5	12.5	13.8
L85_2029	L85_2029	15.7	23.1	41.7	67.7	16.2	8.8	15.8	26.1	21.1	16.4	27.8	15.8	15.1	11.4	13.5
Huaiyangchundou	Huaiyangchundou	19.3	31.5	50.0	83.5	18.8	10.3	18.5	31.6	24.3	19.8	29.8	20.0	18.2	13.0	16.3
Zheng_99048	Zheng_99048	20.2	33.0	51.1	86.7	18.8	10.6	19.8	33.2	25.1	21.0	29.0	20.2	17.8	14.4	16.8
Zhongdou_33	Zhongdou_33	22.8	41.0	55.2	86.0	18.6	11.6	17.6	29.5	24.7	19.9	30.4	20.6	18.6	12.9	16.0
Qingdou2	Qingdou2	18.6	28.0	48.1	78.8	17.4	9.8	18.1	29.9	23.7	19.5	28.1	18.9	17.6	12.7	15.0
Yudou_22	Yudou_22	17.6	33.6	45.7	67.6	16.5	10.6	16.7	28.7	24.5	19.7	23.3	18.4	16.4	12.4	15.9
Xiaomidou	Xiaomidou	19.6	27.1	48.0	80.8	17.9	10.2	18.1	30.3	23.7	19.3	26.0	19.5	17.4	12.8	15.9
L84_2235	L84_2235	19.7	28.7	49.4	84.6	18.6	10.6	18.5	31.9	24.8	20.0	30.0	20.3	18.4	13.7	15.6
Xiaoheidou	Xiaoheidou	19.8	29.9	50.6	86.6	18.6	10.5	18.0	30.1	24.6	20.3	29.4	20.6	17.8	13.0	16.0
Zheng_8516	Zheng_8516	20.9	35.2	53.3	88.2	19.0	10.9	18.6	32.0	25.3	20.7	29.4	21.2	19.1	13.7	16.2
Yuandou	Yuandou	16.4	30.2	43.5	69.6	15.9	10.4	17.9	28.6	24.7	20.1	23.9	18.6	14.3	12.8	18.8
Yudou_12	Yudou_12	22.0	33.2	53.4	90.7	19.5	11.2	20.2	35.0	25.9	22.1	31.0	21.8	19.3	14.6	17.9
Ji9_3l_2	Ji9_3l_2	19.0	27.8	47.7	82.4	17.4	10.0	18.0	29.5	23.6	18.8	30.9	19.6	17.2	13.0	15.9
Bailudou	Bailudou	19.4	26.4	46.7	79.2	17.9	10.3	18.8	32.1	23.6	18.7	31.4	19.3	17.2	14.0	16.7
Miyangxiaozihuang	Miyangxiaozihuang	20.7	33.7	51.6	88.0	19.1	11.3	18.9	32.6	26.2	20.9	31.0	21.2	18.5	14.0	16.7
Huaheihu	Huaheihu	21.7	32.8	52.5	89.5	19.8	11.4	20.6	34.2	25.6	21.5	34.1	21.3	18.8	14.6	18.3
Delsoy_4710	Delsoy_4710	17.7	25.0	43.4	70.0	16.2	9.5	16.3	27.5	22.3	17.3	25.6	17.9	15.9	11.7	14.6
L85_2308	L85_2308	16.4	27.6	43.0	68.8	16.0	10.0	14.9	23.9	23.0	18.5	27.2	17.8	16.1	12.0	14.3
Qisiwa	Qisiwa	18.4	32.8	51.3	80.3	18.0	11.4	16.7	27.7	26.1	21.0	31.2	20.4	18.6	13.4	15.7
Liushiribaidou	Liushiribaidou	19.0	33.7	48.5	78.0	18.2	10.8	17.8	28.4	25.6	21.3	30.6	19.6	17.7	13.9	16.1
Pixianzhanzhuangliuyuexian	Pixianzhanzhuangliuyuexian	17.5	32.1	47.6	76.5	17.5	10.8	16.4	26.2	25.1	20.0	28.3	18.7	17.0	12.7	15.3
Datianedan	Datianedan	17.3	33.2	46.3	74.4	16.5	10.3	16.2	25.5	23.6	19.2	27.8	18.6	16.1	12.1	15.3
Dongshan_69	Dongshan_69	16.3	26.6	43.6	66.5	15.7	9.8	15.2	24.4	23.0	18.1	23.0	17.4	16.0	11.9	13.9
Qingdou	Qingdou	18.8	31.1	46.6	74.6	17.5	10.4	18.0	28.6	24.6	21.4	28.4	19.0	17.1	13.9	16.9
Fendou_62	Fendou_62	18.6	29.9	47.4	75.4	17.2	10.8	18.1	28.0	24.7	20.9	29.1	19.2	16.8	13.9	16.7
L88_5492	L88_5492	16.6	26.7	46.8	81.6	16.9	9.5	15.7	23.2	22.8	17.7	24.6	19.9	17.3	11.0	14.6
Lv_96150	Lv_96150	19.0	35.1	55.0	89.7	18.7	11.4	18.6	28.9	26.0	21.2	27.9	20.7	19.4	13.6	16.7
Shang_951099	Shang_951099	19.3	30.4	49.4	85.1	17.2	10.3	18.3	28.3	23.8	20.4	29.3	20.2	17.9	13.3	17.8
Delsoy_4900	Delsoy_4900	17.2	28.4	47.2	81.0	16.2	9.9	16.0	24.0	22.7	18.1	28.4	19.2	17.3	11.8	15.1
Meng_9793_1	Meng_9793_1	19.2	31.4	52.5	89.3	17.9	10.6	18.5	28.9	24.8	20.4	26.3	21.5	18.7	13.1	17.4
Xiaohuangdou2	Xiaohuangdou2	18.6	28.3	49.2	82.3	17.1	10.2	17.0	26.7	24.0	19.2	29.4	20.7	18.2	12.5	16.0
Miyangniumaohuang	Miyangniumaohuang	17.8	27.2	47.9	79.8	16.4	10.2	15.3	25.6	23.8	18.5	26.5	21.1	18.3	12.3	14.5
Avery	Avery	17.4	26.6	45.5	77.9	15.7	9.5	15.6	25.9	22.6	18.2	25.4	19.6	17.4	12.0	14.8
Jidou17	Jidou17	16.6	25.8	45.1	75.0	15.2	9.3	15.4	23.8	22.2	18.0	26.2	19.0	16.6	11.5	14.5
Lvxuan_23	Lvxuan_23	19.3	31.9	50.6	88.2	17.9	10.5	18.2	28.0	24.3	20.4	30.0	20.9	18.3	13.5	17.9
Tianedan	Tianedan	19.0	28.5	49.6	83.1	16.8	10.2	16.8	25.9	24.8	20.1	30.1	20.6	18.6	12.3	15.9
Xiaheidou	Xiaheidou	18.8	32.0	51.1	88.8	17.1	10.5	16.8	27.3	25.2	21.4	31.6	21.3	18.5	12.6	15.6
Qing_6	Qing_6	17.3	27.6	46.3	80.7	16.3	9.7	15.5	25.0	22.7	18.1	24.2	19.6	17.2	11.9	15.0
Pixiandazihuacao	Pixiandazihuacao	17.5	27.3	46.4	76.7	15.8	9.8	15.1	24.1	23.8	18.9	26.3	19.7	18.0	11.9	14.2
Xiaohuangdou	Xiaohuangdou	16.9	26.8	41.8	69.0	16.1	9.7	17.8	29.8	23.0	19.4	20.8	17.2	15.6	12.4	15.3
Lvpihuangdou	Lvpihuangdou	17.9	31.3	47.9	80.7	17.8	11.0	18.8	32.0	25.4	20.6	24.1	19.1	17.1	14.1	16.5
Zhongnongshi_1	Zhongnongshi_1	16.1	28.1	42.4	68.7	15.9	9.7	16.4	28.9	22.8	18.1	22.6	16.8	16.1	12.1	14.4
PI_253666A	PI_253666A	18.2	36.1	50.3	83.6	18.3	11.6	18.6	31.9	26.2	21.2	27.3	19.7	18.3	13.7	16.2
Verde	Verde	15.9	25.4	41.6	61.7	15.9	10.0	16.4	26.6	23.9	17.9	24.6	17.0	15.5	12.0	14.7
Miyangbaidou	Miyangbaidou	17.3	32.3	47.5	78.9	18.0	10.5	18.5	31.1	25.4	20.8	24.2	18.9	17.5	13.5	16.0
Yuxuan_13	Yuxuan_13	17.4	33.8	47.8	80.0	17.8	11.2	18.3	30.7	25.2	20.9	26.2	18.9	17.6	13.5	16.2
Huanggandou	Huanggandou	16.7	31.8	45.7	73.9	16.9	10.7	17.0	29.7	23.6	19.0	22.1	18.2	17.0	12.8	15.3
Zhongdou_8	Zhongdou_8	17.3	28.5	44.0	72.3	16.9	10.1	18.2	31.6	24.0	19.8	20.8	18.6	16.6	13.0	16.9
Zheng_97196	Zheng_97196	15.9	28.3	41.4	68.5	15.8	9.4	16.9	28.3	22.4	18.9	23.9	16.9	15.7	11.8	14.8
Huipizhiheidou	Huipizhiheidou	16.5	31.6	42.8	68.8	15.8	10.5	17.4	28.9	24.0	19.6	21.1	18.2	14.4	12.3	18.5
Heheidou	Heheidou	16.7	27.9	42.7	64.4	16.2	9.9	17.3	28.8	23.5	19.0	21.3	17.1	15.4	12.2	16.5
Zhonghuang_39	Zhonghuang_39	16.5	30.2	47.8	75.4	16.4	10.5	16.3	24.8	24.5	19.9	29.6	19.5	16.7	12.3	13.0
Xiaobaidou_2	Xiaobaidou_2	17.9	32.0	47.1	72.6	16.7	10.5	16.9	25.7	25.3	20.3	28.1	18.9	16.5	11.9	13.8
Xizhoujiwohuang	Xizhoujiwohuang	17.1	28.7	45.3	68.5	16.4	10.6	15.7	24.5	23.7	18.7	27.2	18.9	16.9	12.2	13.4
Hualvdou	Hualvdou	17.2	30.1	45.9	67.1	15.7	9.9	15.6	24.4	23.9	18.3	29.1	18.3	16.1	12.0	12.9
Pixianhongmaoyou	Pixianhongmaoyou	17.9	33.3	48.4	75.8	17.0	10.9	17.6	27.8	25.2	20.6	29.3	20.2	17.4	13.0	14.9
