SNP1,SNP2,MI_APC,z_scores,gene1,gene2
chr_03:40050904,chr_15:14324289,0.0299716521958265,5.819515207591937,LOC100783649,LOC100812427
chr_03:40054546,chr_15:14324289,0.0287025456462374,5.493934972276006,LOC100784883,LOC100812427
chr_10:8239388,chr_10:42642643,0.0277842580013418,5.258354825274462,LOC102660910,LOC100780758
chr_10:7956468,chr_10:42642643,0.0272401378902841,5.118764690895552,LOC102663994,LOC100780758
chr_04:3016816,chr_01:29674325,0.025703860631848,4.724643715415531,LOC100812902,LOC106799693
chr_04:3016816,chr_20:45697660,0.0251541323434154,4.583614843122926,LOC100812902,LOC100787427
chr_19:42436525,chr_05:34912369,0.0249203427120849,4.5236377803556955,LOC100804864,LOC106798742
chr_16:6571901,chr_15:49653953,0.0248368830213048,4.502226791835954,LOC100790673,LOC100776077
chr_13:26850115,chr_18:263558,0.0238412001334939,4.246791447168891,LOC102661733,LOC100800222
chr_04:3016816,chr_18:1748558,0.0235919404076402,4.182845641968763,LOC100812902,LOC100781856
chr_18:8991636,chr_12:7155597,0.023534982442292,4.1682334821251406,LOC100817487,LOC100816284
chr_18:8991636,chr_11:37691869,0.0230533966754683,4.044686087827924,LOC100817487,LOC100816765
chr_04:49083806,chr_19:28060996,0.022861911727282,3.9955619898472308,LOC113001496,LOC100788633
chr_18:8991636,chr_08:17250045,0.0224594537781983,3.8923142729318445,LOC100817487,LOC100790141
chr_02:6504999,chr_19:33289502,0.0220237806000794,3.780545425864813,LOC100794231,LOC100799365
chr_11:1339377,chr_15:14324289,0.02187550237587,3.742505704813846,LOC100780435,LOC100812427
chr_04:49083806,chr_19:45415621,0.0217765326977309,3.7171157396386576,LOC113001496,LOC100786476
chr_04:49083806,chr_19:27829153,0.0216315112317612,3.6799115166901877,LOC113001496,LOC100808230
chr_04:3016816,chr_03:561633,0.0215292554696385,3.6536785301020265,LOC100812902,LOC100794766
chr_19:37062796,chr_09:4820679,0.0212094264399936,3.5716286732429894,LOC100785430,LOC100813731
chr_12:1248683,chr_13:26850253,0.0211929830251224,3.5674102324155452,LOC100798342,LOC102661733
chr_04:3016816,chr_15:50361799,0.0211001596128356,3.5435970479158283,LOC100812902,LOC100790649
chr_19:37079741,chr_03:41275321,0.0208611056011872,3.4822694459182633,LOC100785430,LOC100305477
chr_04:3016816,chr_15:47365335,0.0204886749835338,3.3867250267568383,LOC100812902,LOC100780158
chr_04:3016816,chr_20:45693454,0.0204825612537264,3.3851565929716716,LOC100812902,LOC100792700
chr_16:6571901,chr_16:36310589,0.0203451559232057,3.3499062352620865,LOC100790673,LOC100800352
chr_13:26850115,chr_05:32344618,0.0194422058951358,3.1182608444848436,LOC102661733,LOC100801545
chr_18:8991636,chr_13:31349515,0.0193716411933547,3.100157973438809,LOC100817487,LOC100817727
chr_18:8991636,chr_14:1284705,0.0193389480983962,3.0917707930612113,LOC100817487,LOC100783208
chr_04:3016816,chr_11:36721958,0.0193342674631923,3.0905700094771955,LOC100812902,LOC100799704
chr_19:42436525,chr_05:34887573,0.0191849130474875,3.0522541991723906,LOC100804864,LOC100810760
chr_04:49083806,chr_19:44882824,0.019183308713424,3.051842618708883,LOC113001496,LOC100815910
